/*
UMG - CHINAUTLA
CURSO: BASES DE DATOS 1
ING. MANUEL NORIEGA

FECHA_REGISTRO: JOSÉ ALFREDO GUERRA GÓMEZ
CARNET: 5990-19-887


PROYECTO OLIMPIADAS: ORACLE
*/


ALTER TABLE "PAIS" DROP CONSTRAINT "PAIS_PK";
/*  BEGIN
    EXECUTE IMMEDIATE 'ALTER TABLE ' || "PAIS"
              || ' DROP CONSTRAINT ' || "PAIS_PK";
  EXCEPTION
    WHEN OTHERS THEN
      IF SQLCODE != -2443 AND SQLCODE != -942 THEN
        RAISE;
      END IF;
  END;  */
  DROP TABLE "PAIS" ;
/*  BEGIN
    EXECUTE IMMEDIATE 'DROP TABLE ' || 'PAIS';
  EXCEPTION
    WHEN OTHERS THEN
        IF SQLCODE != -942 THEN
          RAISE;
        END IF;
  END;  */

  CREATE TABLE "PAIS" (	
    "ID_PAIS" NUMBER(8,0), 
	  "NOMBRE" VARCHAR2(50), 
	  "LOGO" VARCHAR2(100),
    "BANDERA" VARCHAR2(100),
    "CONTINENTE" VARCHAR2(100)
  ) ;
  ALTER TABLE "PAIS" MODIFY ("ID_PAIS" NOT NULL ENABLE);
  ALTER TABLE "PAIS" ADD CONSTRAINT "PAIS_PK" PRIMARY KEY ("ID_PAIS") ENABLE;
  ALTER TABLE "PAIS" MODIFY ("NOMBRE" NOT NULL ENABLE);
  ALTER TABLE "PAIS" MODIFY ("LOGO" NOT NULL ENABLE);
  ALTER TABLE "PAIS" MODIFY ("BANDERA" NOT NULL ENABLE);
  ALTER TABLE "PAIS" MODIFY ("CONTINENTE" NOT NULL ENABLE);  



  ALTER TABLE "CIUDAD_SEDE" DROP CONSTRAINT "CIUDAD_SEDE_PAIS_FK";
  ALTER TABLE "CIUDAD_SEDE" DROP CONSTRAINT "CIUDAD_SEDE_PK";
  DROP TABLE "CIUDAD_SEDE" ;

  CREATE TABLE "CIUDAD_SEDE" (	
    "ID_CIUDAD_SEDE" NUMBER(8,0), 
	  "NOMBRE" VARCHAR2(50), 
    "ID_PAIS" NUMBER(8,0)
  ) ;
  ALTER TABLE "CIUDAD_SEDE" MODIFY ("ID_CIUDAD_SEDE" NOT NULL ENABLE);
  ALTER TABLE "CIUDAD_SEDE" ADD CONSTRAINT "CIUDAD_SEDE_PK" PRIMARY KEY ("ID_CIUDAD_SEDE") ENABLE;
  ALTER TABLE "CIUDAD_SEDE" MODIFY ("NOMBRE" NOT NULL ENABLE);
  ALTER TABLE "CIUDAD_SEDE" MODIFY ("ID_PAIS" NOT NULL ENABLE);    
  ALTER TABLE "CIUDAD_SEDE" ADD CONSTRAINT "CIUDAD_SEDE_PAIS_FK" 
  FOREIGN KEY ("ID_PAIS") REFERENCES "PAIS" ("ID_PAIS") ENABLE;  



  ALTER TABLE "JUEGOS_OLIMPICOS" DROP CONSTRAINT "JUEGOS_OLIMPICOS_PAIS_FK";
  ALTER TABLE "JUEGOS_OLIMPICOS" DROP CONSTRAINT "JUEGOS_OLIMPICOS_PK";
  DROP TABLE "JUEGOS_OLIMPICOS" ;

  CREATE TABLE "JUEGOS_OLIMPICOS" (	
    "ID_JUEGOS_OLIMPICOS" NUMBER(8,0), 
	  "ID_PAIS" NUMBER(8,0), 
	  "FECHA_INICIO" DATE, 
	  "FECHA_FINAL" DATE
  ) ;
  ALTER TABLE "JUEGOS_OLIMPICOS" MODIFY ("ID_JUEGOS_OLIMPICOS" NOT NULL ENABLE);
  ALTER TABLE "JUEGOS_OLIMPICOS" ADD CONSTRAINT "JUEGOS_OLIMPICOS_PK" PRIMARY KEY ("ID_JUEGOS_OLIMPICOS") ENABLE;
  ALTER TABLE "JUEGOS_OLIMPICOS" MODIFY ("ID_PAIS" NOT NULL ENABLE);
  ALTER TABLE "JUEGOS_OLIMPICOS" MODIFY ("FECHA_INICIO" NOT NULL ENABLE);
  ALTER TABLE "JUEGOS_OLIMPICOS" MODIFY ("FECHA_FINAL" NOT NULL ENABLE);
  ALTER TABLE "JUEGOS_OLIMPICOS" ADD CONSTRAINT "JUEGOS_OLIMPICOS_PAIS_FK" 
  FOREIGN KEY ("ID_PAIS") REFERENCES "PAIS" ("ID_PAIS") ENABLE;  



  ALTER TABLE "TEMPORADA" DROP CONSTRAINT "TEMPORADA_JUEGOS_OLIMPICOS_FK";  
  ALTER TABLE "TEMPORADA" DROP CONSTRAINT "TEMPORADA_PK";
  DROP TABLE "TEMPORADA" ;

  CREATE TABLE "TEMPORADA" (	
    "ID_TEMPORADA" NUMBER(8,0),
	  "NOMBRE" VARCHAR2(40),
	  "ID_JUEGOS_OLIMPICOS" NUMBER(8,0)
  ) ;
  ALTER TABLE "TEMPORADA" MODIFY ("ID_TEMPORADA" NOT NULL ENABLE);
  ALTER TABLE "TEMPORADA" ADD CONSTRAINT "TEMPORADA_PK" PRIMARY KEY ("ID_TEMPORADA") ENABLE;
  ALTER TABLE "TEMPORADA" MODIFY ("NOMBRE" NOT NULL ENABLE);
  ALTER TABLE "TEMPORADA" MODIFY ("ID_JUEGOS_OLIMPICOS" NOT NULL ENABLE);
  ALTER TABLE "TEMPORADA" ADD CONSTRAINT "TEMPORADA_JUEGOS_OLIMPICOS_FK" 
  FOREIGN KEY ("ID_JUEGOS_OLIMPICOS") REFERENCES "JUEGOS_OLIMPICOS" ("ID_JUEGOS_OLIMPICOS") ENABLE;  



  ALTER TABLE "DEPORTE" DROP CONSTRAINT "DEPORTE_TEMPORADA_FK";
  ALTER TABLE "DEPORTE" DROP CONSTRAINT "DEPORTE_PK";
  DROP TABLE "DEPORTE" ;

  CREATE TABLE "DEPORTE" (	
    "ID_DEPORTE" NUMBER(8,0),
	  "NOMBRE" VARCHAR2(40),	
	  "ID_TEMPORADA" NUMBER(8,0)
  ) ;
  ALTER TABLE "DEPORTE" MODIFY ("ID_DEPORTE" NOT NULL ENABLE);
  ALTER TABLE "DEPORTE" ADD CONSTRAINT "DEPORTE_PK" PRIMARY KEY ("ID_DEPORTE") ENABLE;
  ALTER TABLE "DEPORTE" MODIFY ("NOMBRE" NOT NULL ENABLE);
  ALTER TABLE "DEPORTE" MODIFY ("ID_TEMPORADA" NOT NULL ENABLE);  
  ALTER TABLE "DEPORTE" ADD CONSTRAINT "DEPORTE_TEMPORADA_FK" 
  FOREIGN KEY ("ID_TEMPORADA") REFERENCES "TEMPORADA" ("ID_TEMPORADA") ENABLE;  



  ALTER TABLE "DISCIPLINA" DROP CONSTRAINT "DISCIPLINA_PK";
  DROP TABLE "DISCIPLINA" ;

  CREATE TABLE "DISCIPLINA" (	
    "ID_DISCIPLINA" NUMBER(8,0),
	  "NOMBRE" VARCHAR2(50),
	  "DESCRIPCION" VARCHAR2(100)
  ) ;
  ALTER TABLE "DISCIPLINA" MODIFY ("ID_DISCIPLINA" NOT NULL ENABLE);
  ALTER TABLE "DISCIPLINA" ADD CONSTRAINT "DISCIPLINA_PK" PRIMARY KEY ("ID_DISCIPLINA") ENABLE;
  ALTER TABLE "DISCIPLINA" MODIFY ("NOMBRE" NOT NULL ENABLE);
  ALTER TABLE "DISCIPLINA" MODIFY ("DESCRIPCION" NOT NULL ENABLE);






  ALTER TABLE "DEPORTE_ATLETA" DROP CONSTRAINT "DEPORTE_ATLETA_DEPORTE_FK";
  ALTER TABLE "DEPORTE_ATLETA" DROP CONSTRAINT "DEPORTE_ATLETA_PK";
  DROP TABLE "DEPORTE_ATLETA" ;

  CREATE TABLE "DEPORTE_ATLETA" (	
    "DNI" NUMBER(8,0), 
	"FECHA_REGISTRO" VARCHAR2(100)
  ) ;
  ALTER TABLE "DEPORTE_ATLETA" MODIFY ("DNI" NOT NULL ENABLE);
  ALTER TABLE "DEPORTE_ATLETA" ADD CONSTRAINT "DEPORTE_ATLETA_PK" PRIMARY KEY ("DNI") ENABLE;
  ALTER TABLE "DEPORTE_ATLETA" MODIFY ("FECHA_REGISTRO" NOT NULL ENABLE);
  ALTER TABLE "DEPORTE_ATLETA" ADD CONSTRAINT "DEPORTE_ATLETA_DEPORTE_FK" 
  FOREIGN KEY ("DNI") REFERENCES "JUEGOS_OLIMPICOS" ("DNI") ENABLE;  




  ALTER TABLE "ATLETA" DROP CONSTRAINT "ATLETA_EVENTO_FK" ; 
  ALTER TABLE "ATLETA" DROP CONSTRAINT "ATLETA_RESULTADO_FK" ; 
  ALTER TABLE "ATLETA" DROP CONSTRAINT "ATLETA_PAIS_FK" ; 
  ALTER TABLE "ATLETA" DROP CONSTRAINT "ATLETA_PK" ;  
  DROP TABLE "ATLETA" ;


  CREATE TABLE "ATLETA_EQUIPO" (	
    "IDCARGO" NUMBER(8,0), 
	"DESCRIPCION_CARGO" VARCHAR2(100), 
	"SUELDO" NUMBER(8,2)	
  ) ;
  ALTER TABLE "ATLETA_EQUIPO" MODIFY ("IDCARGO" NOT NULL ENABLE);
  ALTER TABLE "ATLETA_EQUIPO" ADD CONSTRAINT "ATLETA_EQUIPO_PK" PRIMARY KEY ("IDCARGO") ENABLE;
  ALTER TABLE "ATLETA_EQUIPO" MODIFY ("DESCRIPCION_CARGO" NOT NULL ENABLE);
  ALTER TABLE "ATLETA_EQUIPO" MODIFY ("SUELDO" NOT NULL ENABLE);




  ALTER TABLE "COMPETICION" DROP CONSTRAINT "COMPETICION_DISCIPLINA_FK";
  ALTER TABLE "COMPETICION" DROP CONSTRAINT "COMPETICION_PK";
  DROP TABLE "COMPETICION" ;

  CREATE TABLE "COMPETICION" (	
    "IDEMPLEADO" NUMBER(8,0), 
	"DNI" NUMBER(8,0), 
	"HORAS_TRABAJO" NUMBER(8,2), 
	"IDCARGO" NUMBER(8,0)	
  ) ;
  ALTER TABLE "COMPETICION" MODIFY ("IDEMPLEADO" NOT NULL ENABLE);
  ALTER TABLE "COMPETICION" ADD CONSTRAINT "COMPETICION_PK" PRIMARY KEY ("IDEMPLEADO") ENABLE;
  ALTER TABLE "COMPETICION" MODIFY ("DNI" NOT NULL ENABLE);
  ALTER TABLE "COMPETICION" MODIFY ("HORAS_TRABAJO" NOT NULL ENABLE);
  ALTER TABLE "COMPETICION" MODIFY ("IDCARGO" NOT NULL ENABLE);
  ALTER TABLE "COMPETICION" ADD CONSTRAINT "COMPETICION_DISCIPLINA_FK" 
  FOREIGN KEY ("IDCARGO") REFERENCES "ATLETA_EQUIPO" ("IDCARGO") ENABLE;  




  CREATE TABLE "EQUIPO" (	
    "IDTIPOPRODUCTO" NUMBER(8,0), 
	"NOMBRE" VARCHAR2(100), 
	"DESCRIPCION" VARCHAR2(100)
  ) ;
  ALTER TABLE "EQUIPO" MODIFY ("IDTIPOPRODUCTO" NOT NULL ENABLE);
  ALTER TABLE "EQUIPO" ADD CONSTRAINT "EQUIPO_PK" PRIMARY KEY ("IDTIPOPRODUCTO") ENABLE;
  ALTER TABLE "EQUIPO" MODIFY ("NOMBRE" NOT NULL ENABLE);
  ALTER TABLE "EQUIPO" MODIFY ("DESCRIPCION" NOT NULL ENABLE);





  CREATE TABLE "JUEZ" (	
    "IDPRODUCTO" NUMBER(8,0), 
	"NOMBRE" VARCHAR2(100), 
	"PRECIO" NUMBER(8,2), 
	"STOCK" NUMBER(8,0), 	
	"IDTIPOPRODUCTO" NUMBER(8,0)	
  ) ;
  ALTER TABLE "JUEZ" MODIFY ("IDPRODUCTO" NOT NULL ENABLE);
  ALTER TABLE "JUEZ" ADD CONSTRAINT "JUEZ_PK" PRIMARY KEY ("IDPRODUCTO") ENABLE;
  ALTER TABLE "JUEZ" MODIFY ("NOMBRE" NOT NULL ENABLE);
  ALTER TABLE "JUEZ" MODIFY ("PRECIO" NOT NULL ENABLE);
  ALTER TABLE "JUEZ" MODIFY ("STOCK" NOT NULL ENABLE);
  ALTER TABLE "JUEZ" MODIFY ("IDTIPOPRODUCTO" NOT NULL ENABLE);  
  ALTER TABLE "JUEZ" ADD CONSTRAINT "JUEZ_EVENTO_PK" 
  FOREIGN KEY ("IDTIPOPRODUCTO") REFERENCES "EQUIPO" ("IDTIPOPRODUCTO") ENABLE;  



  CREATE TABLE "RESULTADOS" (	
    "IDVENTA" NUMBER(8,0), 
	"DNI" NUMBER(8,0), 
	"IDEMPLEADO" NUMBER(8,0),
	"PRECIOTOTAL" NUMBER(8,2), 
	"CANTIDADTOTAL" NUMBER(8,0),	
	"FECHACOMPRA" DATE	
  ) ;
  ALTER TABLE "RESULTADOS" MODIFY ("IDVENTA" NOT NULL ENABLE);
  ALTER TABLE "RESULTADOS" ADD CONSTRAINT "RESULTADOS_PK" PRIMARY KEY ("IDVENTA") ENABLE;
  ALTER TABLE "RESULTADOS" MODIFY ("DNI" NOT NULL ENABLE);
  ALTER TABLE "RESULTADOS" MODIFY ("IDEMPLEADO" NOT NULL ENABLE);
  ALTER TABLE "RESULTADOS" MODIFY ("PRECIOTOTAL" NOT NULL ENABLE);
  ALTER TABLE "RESULTADOS" MODIFY ("CANTIDADTOTAL" NOT NULL ENABLE);
  ALTER TABLE "RESULTADOS" MODIFY ("FECHACOMPRA" NOT NULL ENABLE);
  ALTER TABLE "RESULTADOS" ADD CONSTRAINT "VENTA_CLIENTE_FK" 
  FOREIGN KEY ("DNI") REFERENCES "DEPORTE_ATLETA" ("DNI") ENABLE;  
  ALTER TABLE "RESULTADOS" ADD CONSTRAINT "VENTA_EMPLEADO_FK" 
  FOREIGN KEY ("IDEMPLEADO") REFERENCES "COMPETICION" ("IDEMPLEADO") ENABLE;  



  CREATE TABLE "ATLETA" (	
    "IDDETALLEVENTA" NUMBER(8,0), 
	"IDVENTA" NUMBER(8,0), 
	"IDPRODUCTO" NUMBER(8,0), 
	"CANTIDAD" NUMBER(8,0),
	"PRECIO" NUMBER(8,2)		
  ) ;
  ALTER TABLE "ATLETA" MODIFY ("IDDETALLEVENTA" NOT NULL ENABLE);
  ALTER TABLE "ATLETA" ADD CONSTRAINT "ATLETA_PK" PRIMARY KEY ("IDDETALLEVENTA") ENABLE;
  ALTER TABLE "ATLETA" MODIFY ("IDVENTA" NOT NULL ENABLE);
  ALTER TABLE "ATLETA" MODIFY ("IDPRODUCTO" NOT NULL ENABLE);
  ALTER TABLE "ATLETA" MODIFY ("CANTIDAD" NOT NULL ENABLE);
  ALTER TABLE "ATLETA" MODIFY ("PRECIO" NOT NULL ENABLE);  
  ALTER TABLE "ATLETA" ADD CONSTRAINT "DETALLEVENTA_VENTA_FK" 
  FOREIGN KEY ("IDVENTA") REFERENCES "RESULTADOS" ("IDVENTA") ENABLE;  
  ALTER TABLE "ATLETA" ADD CONSTRAINT "ATLETA_PAIS_FK" 
  FOREIGN KEY ("IDPRODUCTO") REFERENCES "JUEZ" ("IDPRODUCTO") ENABLE;  







  ALTER TABLE "COMPETICION_EVENTO" DROP CONSTRAINT "COMPETICION_EVENTO_EVENTO_FK";
  ALTER TABLE "COMPETICION_EVENTO" DROP CONSTRAINT "COMPETICION_EVENTO_COMPETICION_FK";
  ALTER TABLE "COMPETICION_EVENTO" DROP CONSTRAINT "COMPETICION_EVENTO_PK";
  DROP TABLE "COMPETICION_EVENTO" ;

  ALTER TABLE "EVENTO" DROP CONSTRAINT "EVENTO_LUGAR_FK";
  ALTER TABLE "EVENTO" DROP CONSTRAINT "EVENTO_PK";
  DROP TABLE "EVENTO" ;






  ALTER TABLE "DELEGACION" DROP CONSTRAINT "DELEGACION_PAIS_FK" ;  
  ALTER TABLE "DELEGACION" DROP CONSTRAINT "DELEGACION_PK" ;
  DROP TABLE "DELEGACION" ;


  ALTER TABLE "FEDERACION" DROP CONSTRAINT "DELEGACION_PAIS_FK" ;  
  ALTER TABLE "FEDERACION" DROP CONSTRAINT "FEDERACION_PK" ;
  DROP TABLE "FEDERACION" ;



  ALTER TABLE "LUGAR" DROP CONSTRAINT "LUGAR_PK" ;
  DROP TABLE "LUGAR" ;






  ALTER TABLE "JUEZ" DROP CONSTRAINT "JUEZ_EVENTO_PK" ;  
  ALTER TABLE "JUEZ" DROP CONSTRAINT "JUEZ_PK" ;
  DROP TABLE "JUEZ" ;
  
  ALTER TABLE "EQUIPO" DROP CONSTRAINT "EQUIPO_PK" ;
  DROP TABLE "EQUIPO" ;

  ALTER TABLE "ATLETA_EQUIPO" DROP CONSTRAINT "ATLETA_EQUIPO_PK" ;
  DROP TABLE "ATLETA_EQUIPO" ;

  ALTER TABLE "RESULTADOS" DROP CONSTRAINT "VENTA_EMPLEADO_FK" ;  
  ALTER TABLE "RESULTADOS" DROP CONSTRAINT "RESULTADOS_PK" ;
  DROP TABLE "RESULTADOS" ;



  INSERT INTO "DISCIPLINA" ("IDDIRECCION", "NOMBRE", "DESCRIPCION") VALUES (1, 'NORTE', 'CENTRA-NORTE') ;
  INSERT INTO "DISCIPLINA" ("IDDIRECCION", "NOMBRE", "DESCRIPCION") VALUES (2, 'SUR', 'CENTRA-SUR') ;
  INSERT INTO "DISCIPLINA" ("IDDIRECCION", "NOMBRE", "DESCRIPCION") VALUES (3, 'ORIENTE', 'ZACAPA') ;
  INSERT INTO "DISCIPLINA" ("IDDIRECCION", "NOMBRE", "DESCRIPCION") VALUES (4, 'OOCIDENTE', 'XELA') ;
  INSERT INTO "DISCIPLINA" ("IDDIRECCION", "NOMBRE", "DESCRIPCION") VALUES (5, 'CENTRO', 'ZONA 1') ;
  



  INSERT INTO "JUEGOS_OLIMPICOS" ("DNI", "NOMBRE", "PATERNO", "MATERNO", "FECHA_NACIMIENTO", "SEXO", "IDDIRECCION") VALUES ('100', 'JOSE', 'GUERRA', 'GOMEZ', '15/12/1984', 'MASCULINO', 1) ;
  INSERT INTO "JUEGOS_OLIMPICOS" ("DNI", "NOMBRE", "PATERNO", "MATERNO", "FECHA_NACIMIENTO", "SEXO", "IDDIRECCION") VALUES ('101', 'ALFREDO', 'GUERRA', 'GOMEZ', '12/01/1984', 'MASCULINO', 2) ;
  INSERT INTO "JUEGOS_OLIMPICOS" ("DNI", "NOMBRE", "PATERNO", "MATERNO", "FECHA_NACIMIENTO", "SEXO", "IDDIRECCION") VALUES ('102', 'JUAN', 'GUERRA', 'GOMEZ', '28/06/1993', 'MASCULINO', 3) ;
  INSERT INTO "JUEGOS_OLIMPICOS" ("DNI", "NOMBRE", "PATERNO", "MATERNO", "FECHA_NACIMIENTO", "SEXO", "IDDIRECCION") VALUES ('103', 'PABLO', 'GUERRA', 'GOMEZ', '12/01/1993', 'MASCULINO', 4) ;
  INSERT INTO "JUEGOS_OLIMPICOS" ("DNI", "NOMBRE", "PATERNO", "MATERNO", "FECHA_NACIMIENTO", "SEXO", "IDDIRECCION") VALUES ('104', 'JENNIFER', 'GUERRA', 'GOMEZ', '13/11/1988', 'FEMENINO', 5) ;




  INSERT INTO "DEPORTE" ("IDTELEFONO", "DNI", "NOMBRE_TELEFONO", "MARCA") VALUES ('200', '100', '99999999', 'NOKIA') ;
  INSERT INTO "DEPORTE" ("IDTELEFONO", "DNI", "NOMBRE_TELEFONO", "MARCA") VALUES ('201', '101', '11111111', 'SAMSUNG') ;
  INSERT INTO "DEPORTE" ("IDTELEFONO", "DNI", "NOMBRE_TELEFONO", "MARCA") VALUES ('202', '102', '22222222', 'IPHONE') ;
  INSERT INTO "DEPORTE" ("IDTELEFONO", "DNI", "NOMBRE_TELEFONO", "MARCA") VALUES ('203', '103', '33333333', 'MOTOROLA') ;
  INSERT INTO "DEPORTE" ("IDTELEFONO", "DNI", "NOMBRE_TELEFONO", "MARCA") VALUES ('204', '104', '55555555', 'HUAWEI') ;
  INSERT INTO "DEPORTE" ("IDTELEFONO", "DNI", "NOMBRE_TELEFONO", "MARCA") VALUES ('205', '105', '77777777', 'KIA') ;



  INSERT INTO "TEMPORADA" ("IDEMAIL", "DNI", "EMAIL", "DESCRIPCION") VALUES ('300', '100', 'josegg@gmail.com', 'JOSE GG GMAIL')  ;
  INSERT INTO "TEMPORADA" ("IDEMAIL", "DNI", "EMAIL", "DESCRIPCION") VALUES ('301', '101', 'alfredogg@gmail.com', 'JOSE GG GMAIL')  ;
  INSERT INTO "TEMPORADA" ("IDEMAIL", "DNI", "EMAIL", "DESCRIPCION") VALUES ('302', '102', 'juangg@gmail.com', 'JOSE GG GMAIL')  ;
  INSERT INTO "TEMPORADA" ("IDEMAIL", "DNI", "EMAIL", "DESCRIPCION") VALUES ('303', '103', 'pablogg@gmail.com', 'JOSE GG GMAIL')  ;
  INSERT INTO "TEMPORADA" ("IDEMAIL", "DNI", "EMAIL", "DESCRIPCION") VALUES ('304', '104', 'jennifergg@gmail.com', 'JOSE GG GMAIL')  ;






  INSERT INTO "DEPORTE_ATLETA" ("DNI", "FECHA_REGISTRO") VALUES ('100', '15/12/1994') ;
  INSERT INTO "DEPORTE_ATLETA" ("DNI", "FECHA_REGISTRO") VALUES ('101', '12/01/1994') ;
  INSERT INTO "DEPORTE_ATLETA" ("DNI", "FECHA_REGISTRO") VALUES ('102', '28/06/2013') ;
  INSERT INTO "DEPORTE_ATLETA" ("DNI", "FECHA_REGISTRO") VALUES ('103', '12/01/2013') ;
  INSERT INTO "DEPORTE_ATLETA" ("DNI", "FECHA_REGISTRO") VALUES ('104', '13/11/2018') ;




  INSERT INTO "ATLETA_EQUIPO" ("IDCARGO", "DESCRIPCION_CARGO", "SUELDO") VALUES ('400', 'OPERADOR', 38000.03) ;
  INSERT INTO "ATLETA_EQUIPO" ("IDCARGO", "DESCRIPCION_CARGO", "SUELDO") VALUES ('401', 'SUPERVISOR', 15000.00) ;
  INSERT INTO "ATLETA_EQUIPO" ("IDCARGO", "DESCRIPCION_CARGO", "SUELDO") VALUES ('402', 'JEFE', 23000.04) ;
  INSERT INTO "ATLETA_EQUIPO" ("IDCARGO", "DESCRIPCION_CARGO", "SUELDO") VALUES ('403', 'GERENTE', 18000.07) ;
  INSERT INTO "ATLETA_EQUIPO" ("IDCARGO", "DESCRIPCION_CARGO", "SUELDO") VALUES ('404', 'INTERINO', 21000.09) ;




  INSERT INTO "COMPETICION" ("IDEMPLEADO", "DNI", "HORAS_TRABAJO", "IDCARGO") VALUES ('500', '100', 82.1, '400') ;
  INSERT INTO "COMPETICION" ("IDEMPLEADO", "DNI", "HORAS_TRABAJO", "IDCARGO") VALUES ('501', '101', 45.5, '401') ;
  INSERT INTO "COMPETICION" ("IDEMPLEADO", "DNI", "HORAS_TRABAJO", "IDCARGO") VALUES ('502', '102', 29.3, '402') ;
  INSERT INTO "COMPETICION" ("IDEMPLEADO", "DNI", "HORAS_TRABAJO", "IDCARGO") VALUES ('503', '103', 25.5, '403') ;
  INSERT INTO "COMPETICION" ("IDEMPLEADO", "DNI", "HORAS_TRABAJO", "IDCARGO") VALUES ('504', '104', 29.4, '404') ;

  


  
  INSERT INTO "EQUIPO" ("IDTIPOPRODUCTO", "NOMBRE", "DESCRIPCION") VALUES ('600', 'CARNE', 'CARNE') ;
  INSERT INTO "EQUIPO" ("IDTIPOPRODUCTO", "NOMBRE", "DESCRIPCION") VALUES ('601', 'ACEITE', 'ACEITE') ;
  INSERT INTO "EQUIPO" ("IDTIPOPRODUCTO", "NOMBRE", "DESCRIPCION") VALUES ('602', 'HARINAS', 'HARINAS') ;
  INSERT INTO "EQUIPO" ("IDTIPOPRODUCTO", "NOMBRE", "DESCRIPCION") VALUES ('603', 'LECHE', 'LECHE') ;
  INSERT INTO "EQUIPO" ("IDTIPOPRODUCTO", "NOMBRE", "DESCRIPCION") VALUES ('604', 'PAN', 'PAN') ;





  INSERT INTO "JUEZ" ("IDPRODUCTO", "NOMBRE", "PRECIO", "STOCK", "IDTIPOPRODUCTO") VALUES ('700', 'CARNE DE RES', 33.23, 99, '600') ;
  INSERT INTO "JUEZ" ("IDPRODUCTO", "NOMBRE", "PRECIO", "STOCK", "IDTIPOPRODUCTO") VALUES ('701', 'ACEITE DE PALMA', 15.23, 200, '601') ;
  INSERT INTO "JUEZ" ("IDPRODUCTO", "NOMBRE", "PRECIO", "STOCK", "IDTIPOPRODUCTO") VALUES ('702', 'HARINA PARA PAN', 10.00, 500, '602') ;
  INSERT INTO "JUEZ" ("IDPRODUCTO", "NOMBRE", "PRECIO", "STOCK", "IDTIPOPRODUCTO") VALUES ('703', 'LECHE DE VACA', 15.23, 50, '603') ;
  INSERT INTO "JUEZ" ("IDPRODUCTO", "NOMBRE", "PRECIO", "STOCK", "IDTIPOPRODUCTO") VALUES ('704', 'PAN INTEGRAL', 10.00, 50, '604') ;



  INSERT INTO "RESULTADOS" ("IDVENTA", "DNI", "IDEMPLEADO", "PRECIOTOTAL", "CANTIDADTOTAL", "FECHACOMPRA") VALUES ('800', '100', '500', 33.23, 1, '09/09/2022') ;
  INSERT INTO "RESULTADOS" ("IDVENTA", "DNI", "IDEMPLEADO", "PRECIOTOTAL", "CANTIDADTOTAL", "FECHACOMPRA") VALUES ('801', '101', '500', 15.23, 1, '09/09/2022') ;
  INSERT INTO "RESULTADOS" ("IDVENTA", "DNI", "IDEMPLEADO", "PRECIOTOTAL", "CANTIDADTOTAL", "FECHACOMPRA") VALUES ('802', '102', '500', 10.00, 1, '09/09/2022') ;
  INSERT INTO "RESULTADOS" ("IDVENTA", "DNI", "IDEMPLEADO", "PRECIOTOTAL", "CANTIDADTOTAL", "FECHACOMPRA") VALUES ('803', '103', '500', 15.23, 1, '09/09/2022') ;
  INSERT INTO "RESULTADOS" ("IDVENTA", "DNI", "IDEMPLEADO", "PRECIOTOTAL", "CANTIDADTOTAL", "FECHACOMPRA") VALUES ('804', '104', '500', 10.00, 1, '09/09/2022') ;



  INSERT INTO "ATLETA" ("IDDETALLEVENTA", "IDVENTA", "IDPRODUCTO", "CANTIDAD", "PRECIO") VALUES ('900', '800', '700', 1, 33.23) ;
  INSERT INTO "ATLETA" ("IDDETALLEVENTA", "IDVENTA", "IDPRODUCTO", "CANTIDAD", "PRECIO") VALUES ('901', '801', '701', 1, 15.23) ;
  INSERT INTO "ATLETA" ("IDDETALLEVENTA", "IDVENTA", "IDPRODUCTO", "CANTIDAD", "PRECIO") VALUES ('902', '802', '702', 1, 10.00) ;
  INSERT INTO "ATLETA" ("IDDETALLEVENTA", "IDVENTA", "IDPRODUCTO", "CANTIDAD", "PRECIO") VALUES ('903', '803', '703', 1, 15.23) ;
  INSERT INTO "ATLETA" ("IDDETALLEVENTA", "IDVENTA", "IDPRODUCTO", "CANTIDAD", "PRECIO") VALUES ('904', '804', '704', 1, 10.00) ;

	


  SELECT * FROM "ATLETA_EQUIPO" ;
  SELECT * FROM "EQUIPO" ;
  SELECT * FROM "JUEZ" ;
  SELECT * FROM "RESULTADOS" ;
  SELECT * FROM "ATLETA" ;
  SELECT * FROM "COMPETICION" ;
  SELECT * FROM "DEPORTE_ATLETA" ;
  SELECT * FROM "DISCIPLINA" ;
  SELECT * FROM "DEPORTE" ;
  SELECT * FROM "TEMPORADA" ;
  SELECT * FROM "JUEGOS_OLIMPICOS" ;
